{"count":1,"self":62.638041599999994,"total":63.038823199999996,"children":{"RayPerceptionSensor.Perceive":{"count":12,"self":0.0040005,"total":0.0040005,"children":null},"AgentSendState":{"count":2918,"self":0.2828817,"total":0.3631182,"children":{"CollectObservations":{"count":1168,"self":0.0054434999999999996,"total":0.0054434999999999996,"children":null},"CollectDiscreteActionMasks":{"count":1168,"self":0.0055020999999999994,"total":0.0055020999999999994,"children":null},"RayPerceptionSensor.Perceive":{"count":2336,"self":0.0692909,"total":0.0692909,"children":null}}},"DecideAction":{"count":2918,"self":0.018119899999999998,"total":0.018119899999999998,"children":null},"AgentAct":{"count":2918,"self":0.015541699999999999,"total":0.015541699999999999,"children":null}},"gauges":{},"metadata":{"timer_format_version":"0.1.0","start_time_seconds":"1607705569","unity_version":"2019.4.10f1","command_line_arguments":"C:\\Program Files\\Unity\\Hub\\Editor\\2019.4.10f1\\Editor\\Unity.exe -projectpath D:\/Unity\/Projects\/Week 9\/VerstAPpertje -useHub -hubIPC -cloudEnvironment production -hubSessionId 8dcc9450-3bbb-11eb-9fb7-bbda9620fdf8 -accessToken 5E1Zrh9mHeCki0mJ_cYGc7diFIJHYnJJ66RP53c8l8c001f","communication_protocol_version":"1.0.0","com.unity.ml-agents_version":"1.0.5","scene_name":"SampleScene","end_time_seconds":"1607705632"}}