{"count":1,"self":39.36472,"total":106.12924869999999,"children":{"AgentInfo.ToProto":{"count":6,"self":0.0009952,"total":0.008950399999999999,"children":{"GenerateSensorData":{"count":6,"self":0.0049653,"total":0.0079551999999999991,"children":{"RayPerceptionSensor.Perceive":{"count":12,"self":0.0029898999999999998,"total":0.0029898999999999998,"children":null}}}}},"AgentSendState":{"count":41817,"self":0.8569728,"total":6.2770506999999993,"children":{"CollectObservations":{"count":16728,"self":0.0928273,"total":0.0928273,"children":null},"CollectDiscreteActionMasks":{"count":16728,"self":0.056898699999999997,"total":0.056898699999999997,"children":null},"AgentInfo.ToProto":{"count":16728,"self":0.2416785,"total":5.2703519,"children":{"GenerateSensorData":{"count":16728,"self":4.0693323999999995,"total":5.0286734,"children":{"RayPerceptionSensor.Perceive":{"count":33456,"self":0.95934089999999994,"total":0.95934089999999994,"children":null}}}}}}},"DecideAction":{"count":41817,"self":60.223571199999995,"total":60.223570499999994,"children":null},"AgentAct":{"count":41817,"self":0.2539606,"total":0.2539606,"children":null}},"gauges":{},"metadata":{"timer_format_version":"0.1.0","start_time_seconds":"1608288489","unity_version":"2019.4.10f1","command_line_arguments":"C:\\Program Files\\Unity\\Hub\\Editor\\2019.4.10f1\\Editor\\Unity.exe -projectpath D:\/Unity\/Projects\/Week 9\/VerstAPpertje -useHub -hubIPC -cloudEnvironment production -hubSessionId 4b52e640-4108-11eb-aeb2-a7e4a8c8cc01 -accessToken dEKF5y6y83PdPEGerw5wWumUesVpzqBVTgpGcRM0h8o001f","communication_protocol_version":"1.0.0","com.unity.ml-agents_version":"1.0.5","scene_name":"TrainingScene","end_time_seconds":"1608288595"}}