{"count":1,"self":49.4007328,"total":333.7718058,"children":{"AgentInfo.ToProto":{"count":136,"self":0.000997,"total":0.0973401,"children":{"GenerateSensorData":{"count":136,"self":0.0717725,"total":0.0963431,"children":{"RayPerceptionSensor.Perceive":{"count":272,"self":0.024570599999999998,"total":0.024570599999999998,"children":null}}}}},"AgentSendState":{"count":45451,"self":3.3110374,"total":37.2396428,"children":{"CollectObservations":{"count":72728,"self":0.5718997,"total":0.5718997,"children":null},"CollectDiscreteActionMasks":{"count":72728,"self":0.5374388,"total":0.5374388,"children":null},"AgentInfo.ToProto":{"count":72728,"self":1.4742629,"total":32.819266899999995,"children":{"GenerateSensorData":{"count":72728,"self":21.9485232,"total":31.345004,"children":{"RayPerceptionSensor.Perceive":{"count":145456,"self":9.3964807999999991,"total":9.3964806,"children":null}}}}}}},"DecideAction":{"count":45451,"self":246.39518719999998,"total":246.39518189999998,"children":null},"AgentAct":{"count":45451,"self":0.63391979999999992,"total":0.6379094,"children":{"AgentInfo.ToProto":{"count":6,"self":0.00099779999999999986,"total":0.0039895999999999994,"children":{"GenerateSensorData":{"count":6,"self":0.0029917999999999998,"total":0.0029917999999999998,"children":{"RayPerceptionSensor.Perceive":{"count":12,"self":0,"total":0,"children":null}}}}}}}},"gauges":{"Seeker.CumulativeReward":{"count":67,"max":1.2,"min":-1236.50793,"runningAverage":-114.097679,"value":-194.310028,"weightedAverage":-64.23664}},"metadata":{"timer_format_version":"0.1.0","start_time_seconds":"1610899344","unity_version":"2019.4.10f1","command_line_arguments":"C:\\Program Files\\Unity\\Hub\\Editor\\2019.4.10f1\\Editor\\Unity.exe -projectpath D:\/Unity\/Projects\/Week 9\/VerstAPpertje -useHub -hubIPC -cloudEnvironment production -hubSessionId 0a54f850-5854-11eb-9052-717c2001df2c -accessToken Tmwm43j5AYllc62BXJjj25oquUCJZy12v0oQMKVolUs001f","communication_protocol_version":"1.0.0","com.unity.ml-agents_version":"1.0.5","scene_name":"TrainingsSceneDana2","end_time_seconds":"1610899678"}}