{"count":1,"self":2465.7387519999997,"total":30250.1453028,"children":{"AgentInfo.ToProto":{"count":2867538,"self":47.612303999999995,"total":1173.3669201,"children":{"GenerateSensorData":{"count":2867538,"self":1041.8824192,"total":1125.7546157,"children":{"RayPerceptionSensor.Perceive":{"count":5735076,"self":83.8721856,"total":83.8721848,"children":null}}}}},"AgentSendState":{"count":1369701,"self":277.7956352,"total":3173.8811333999997,"children":{"CollectObservations":{"count":10957572,"self":52.2823104,"total":52.2823096,"children":null},"CollectDiscreteActionMasks":{"count":10957572,"self":47.7613152,"total":47.7613163,"children":null},"AgentInfo.ToProto":{"count":10957572,"self":140.1890688,"total":2796.0418718,"children":{"GenerateSensorData":{"count":10957572,"self":2151.8043136,"total":2655.8528026,"children":{"RayPerceptionSensor.Perceive":{"count":21915144,"self":504.0484864,"total":504.04849079999997,"children":null}}}}}}},"DecideAction":{"count":1369701,"self":23410.1997568,"total":23410.199986,"children":null},"AgentAct":{"count":1369701,"self":26.9564864,"total":26.956486299999998,"children":null}},"gauges":{"Seeker.CumulativeReward":{"count":15,"max":-13.2701015,"min":-889.357666,"runningAverage":-262.514526,"value":-14.9110556,"weightedAverage":-273.4939},"Player.CumulativeReward":{"count":2867485,"max":0.001,"min":-119.686676,"runningAverage":0.000923374144,"value":0.001,"weightedAverage":0.0009999999}},"metadata":{"timer_format_version":"0.1.0","start_time_seconds":"1608944373","unity_version":"2019.4.10f1","command_line_arguments":"C:\\Program Files\\Unity\\Hub\\Editor\\2019.4.10f1\\Editor\\Unity.exe -projectpath D:\/Unity\/Projects\/Week 9\/VerstAPpertje -useHub -hubIPC -cloudEnvironment production -hubSessionId 513c26f0-4704-11eb-92da-e1678748db3e -accessToken jEirkKZLwgrqkbDTPHLskkqFeelrIBUFXgYmjFwrQBs001f","communication_protocol_version":"1.0.0","com.unity.ml-agents_version":"1.0.5","scene_name":"TrainingsScene2","end_time_seconds":"1608974623"}}