{"count":1,"self":88.694675199999992,"total":532.8072457,"children":{"AgentInfo.ToProto":{"count":10,"self":0.00099739999999999985,"total":0.0099998,"children":{"GenerateSensorData":{"count":10,"self":0.0060104999999999994,"total":0.0090023999999999989,"children":{"RayPerceptionSensor.Perceive":{"count":20,"self":0.0029919,"total":0.0029919,"children":null}}}}},"AgentSendState":{"count":80484,"self":4.3014412,"total":26.6501262,"children":{"CollectObservations":{"count":101104,"self":0.6224227,"total":0.6224227,"children":null},"CollectDiscreteActionMasks":{"count":101104,"self":0.5011753,"total":0.5011753,"children":null},"AgentInfo.ToProto":{"count":101104,"self":1.4555882999999998,"total":21.225086899999997,"children":{"GenerateSensorData":{"count":101104,"self":12.509867999999999,"total":19.7694986,"children":{"RayPerceptionSensor.Perceive":{"count":202208,"self":7.2596311999999994,"total":7.2596308999999994,"children":null}}}}}}},"DecideAction":{"count":80484,"self":415.82353919999997,"total":415.8235375,"children":null},"AgentAct":{"count":80484,"self":1.6279082,"total":1.6279082,"children":null}},"gauges":{"Seeker.CumulativeReward":{"count":2,"max":-0.364983559,"min":-10.7878294,"runningAverage":-5.57640648,"value":-10.7878294,"weightedAverage":-2.970695}},"metadata":{"timer_format_version":"0.1.0","start_time_seconds":"1608714336","unity_version":"2019.4.10f1","command_line_arguments":"C:\\Program Files\\Unity\\Hub\\Editor\\2019.4.10f1\\Editor\\Unity.exe -projectpath D:\/Unity\/Projects\/Week 9\/VerstAPpertje -useHub -hubIPC -cloudEnvironment production -hubSessionId 3c136640-44f6-11eb-9fea-71da28665b63 -accessToken Fh14JklQGjcAOU9FCTO-G4n9Aqkz9fRsToGf7IAjwJc001f","communication_protocol_version":"1.0.0","com.unity.ml-agents_version":"1.0.5","scene_name":"TrainingsScene1","end_time_seconds":"1608714869"}}