{"count":1,"self":2469.031936,"total":7071.3365847999994,"children":{"AgentInfo.ToProto":{"count":26339,"self":0.4231119,"total":13.4330418,"children":{"GenerateSensorData":{"count":26339,"self":11.957575199999999,"total":13.0099299,"children":{"RayPerceptionSensor.Perceive":{"count":52678,"self":1.0523546,"total":1.0523546,"children":null}}}}},"AgentSendState":{"count":2869051,"self":60.722451199999995,"total":437.04654899999997,"children":{"CollectObservations":{"count":1147622,"self":5.9283128,"total":5.9283129,"children":null},"CollectDiscreteActionMasks":{"count":1147622,"self":5.115216,"total":5.1152161,"children":null},"AgentInfo.ToProto":{"count":1147622,"self":17.216632,"total":365.28056929999997,"children":{"GenerateSensorData":{"count":1147622,"self":279.79328,"total":348.06393729999996,"children":{"RayPerceptionSensor.Perceive":{"count":2295244,"self":68.2706496,"total":68.2706485,"children":null}}}}}}},"DecideAction":{"count":2869051,"self":4131.9145472,"total":4131.9146528,"children":null},"AgentAct":{"count":2869051,"self":19.9093296,"total":19.9093294,"children":null}},"gauges":{"Player.CumulativeReward":{"count":26162,"max":332.336823,"min":-0.434997946,"runningAverage":0.02182985,"value":0,"weightedAverage":2.802597E-45},"Seeker.CumulativeReward":{"count":90,"max":-0.014999995,"min":-1017.81775,"runningAverage":-41.0545,"value":-0.405000031,"weightedAverage":-4.72806358}},"metadata":{"timer_format_version":"0.1.0","start_time_seconds":"1608289316","unity_version":"2019.4.10f1","command_line_arguments":"C:\\Program Files\\Unity\\Hub\\Editor\\2019.4.10f1\\Editor\\Unity.exe -projectpath D:\/Unity\/Projects\/Week 9\/VerstAPpertje -useHub -hubIPC -cloudEnvironment production -hubSessionId 4b52e640-4108-11eb-aeb2-a7e4a8c8cc01 -accessToken dEKF5y6y83PdPEGerw5wWumUesVpzqBVTgpGcRM0h8o001f","communication_protocol_version":"1.0.0","com.unity.ml-agents_version":"1.0.5","scene_name":"TrainingScene","end_time_seconds":"1608296388"}}