{"count":1,"self":78.7696192,"total":780.6873353,"children":{"AgentInfo.ToProto":{"count":22,"self":0.001995,"total":0.011971299999999999,"children":{"GenerateSensorData":{"count":22,"self":0.0060104999999999994,"total":0.0099762999999999987,"children":{"RayPerceptionSensor.Perceive":{"count":44,"self":0.0039658,"total":0.0039658,"children":null}}}}},"AgentSendState":{"count":98601,"self":6.5071559999999993,"total":60.969754599999995,"children":{"CollectObservations":{"count":179233,"self":0.9984689,"total":0.9984689,"children":null},"CollectDiscreteActionMasks":{"count":179233,"self":0.8943867,"total":0.8943867,"children":null},"AgentInfo.ToProto":{"count":179233,"self":2.6070667999999997,"total":52.5697431,"children":{"GenerateSensorData":{"count":179233,"self":38.535820799999996,"total":49.9626763,"children":{"RayPerceptionSensor.Perceive":{"count":358466,"self":11.4268568,"total":11.426857,"children":null}}}}}}},"DecideAction":{"count":98601,"self":638.63628799999992,"total":638.6363038,"children":null},"AgentAct":{"count":98601,"self":2.2986864,"total":2.2986864,"children":null}},"gauges":{"Seeker.CumulativeReward":{"count":8,"max":0.687999249,"min":-7.273978,"runningAverage":-2.70062685,"value":-1.462019,"weightedAverage":-2.91750717}},"metadata":{"timer_format_version":"0.1.0","start_time_seconds":"1608715369","unity_version":"2019.4.10f1","command_line_arguments":"C:\\Program Files\\Unity\\Hub\\Editor\\2019.4.10f1\\Editor\\Unity.exe -projectpath D:\/Unity\/Projects\/Week 9\/VerstAPpertje -useHub -hubIPC -cloudEnvironment production -hubSessionId 3c136640-44f6-11eb-9fea-71da28665b63 -accessToken Fh14JklQGjcAOU9FCTO-G4n9Aqkz9fRsToGf7IAjwJc001f","communication_protocol_version":"1.0.0","com.unity.ml-agents_version":"1.0.5","scene_name":"TrainingsScene1","end_time_seconds":"1608716150"}}