{
    "name": "root",
    "metadata": {
        "timer_format_version": "0.1.0",
        "start_time_seconds": "1610911894",
        "python_version": "3.7.9 (tags/v3.7.9:13c94747c7, Aug 17 2020, 18:58:18) [MSC v.1900 64 bit (AMD64)]",
        "command_line_arguments": "C:\\Python37\\Scripts\\mlagents-learn Seeker-01.yml --initialize-from NieuweRun --run-id NieuweRun11",
        "mlagents_version": "0.21.0",
        "mlagents_envs_version": "0.21.0",
        "communication_protocol_version": "1.2.0",
        "tensorflow_version": "2.3.1",
        "numpy_version": "1.18.5",
        "end_time_seconds": "1610911959"
    },
    "total": 64.4476707,
    "count": 1,
    "self": 0.008396000000004733,
    "children": {
        "run_training.setup": {
            "total": 0.008027600000000135,
            "count": 1,
            "self": 0.008027600000000135
        },
        "TrainerController.start_learning": {
            "total": 64.4312471,
            "count": 1,
            "self": 0.03526390000001811,
            "children": {
                "TrainerController._reset_env": {
                    "total": 8.917522100000001,
                    "count": 1,
                    "self": 8.917522100000001
                },
                "TrainerController.advance": {
                    "total": 54.07983599999997,
                    "count": 936,
                    "self": 0.016113199999935546,
                    "children": {
                        "env_step": {
                            "total": 54.063722800000036,
                            "count": 936,
                            "self": 52.36125660000012,
                            "children": {
                                "SubprocessEnvManager._take_step": {
                                    "total": 1.688227899999987,
                                    "count": 936,
                                    "self": 0.0649156000000648,
                                    "children": {
                                        "TFPolicy.evaluate": {
                                            "total": 1.623312299999922,
                                            "count": 1868,
                                            "self": 1.623312299999922
                                        }
                                    }
                                },
                                "workers": {
                                    "total": 0.014238299999927762,
                                    "count": 935,
                                    "self": 0.0,
                                    "children": {
                                        "worker_root": {
                                            "total": 37.35509219999994,
                                            "count": 935,
                                            "is_parallel": true,
                                            "self": 8.544174899999891,
                                            "children": {
                                                "steps_from_proto": {
                                                    "total": 0.002796899999999436,
                                                    "count": 2,
                                                    "is_parallel": true,
                                                    "self": 0.0007229999999998071,
                                                    "children": {
                                                        "_process_vector_observation": {
                                                            "total": 0.002073899999999629,
                                                            "count": 12,
                                                            "is_parallel": true,
                                                            "self": 0.002073899999999629
                                                        }
                                                    }
                                                },
                                                "UnityEnvironment.step": {
                                                    "total": 28.808120400000046,
                                                    "count": 935,
                                                    "is_parallel": true,
                                                    "self": 0.20960530000011346,
                                                    "children": {
                                                        "UnityEnvironment._generate_step_input": {
                                                            "total": 0.14269299999994267,
                                                            "count": 935,
                                                            "is_parallel": true,
                                                            "self": 0.14269299999994267
                                                        },
                                                        "communicator.exchange": {
                                                            "total": 27.44616649999999,
                                                            "count": 935,
                                                            "is_parallel": true,
                                                            "self": 27.44616649999999
                                                        },
                                                        "steps_from_proto": {
                                                            "total": 1.0096555999999985,
                                                            "count": 1866,
                                                            "is_parallel": true,
                                                            "self": 0.35423339999996273,
                                                            "children": {
                                                                "_process_vector_observation": {
                                                                    "total": 0.6554222000000358,
                                                                    "count": 11196,
                                                                    "is_parallel": true,
                                                                    "self": 0.6554222000000358
                                                                }
                                                            }
                                                        }
                                                    }
                                                }
                                            }
                                        }
                                    }
                                }
                            }
                        }
                    }
                },
                "trainer_threads": {
                    "total": 6.880000000819564e-05,
                    "count": 1,
                    "self": 6.880000000819564e-05,
                    "children": {
                        "thread_root": {
                            "total": 0.0,
                            "count": 0,
                            "is_parallel": true,
                            "self": 0.0,
                            "children": {
                                "trainer_advance": {
                                    "total": 109.5507754000001,
                                    "count": 54611,
                                    "is_parallel": true,
                                    "self": 1.756061300000141,
                                    "children": {
                                        "process_trajectory": {
                                            "total": 107.79471409999996,
                                            "count": 54611,
                                            "is_parallel": true,