{
    "name": "root",
    "metadata": {
        "timer_format_version": "0.1.0",
        "start_time_seconds": "1610909947",
        "python_version": "3.7.9 (tags/v3.7.9:13c94747c7, Aug 17 2020, 18:58:18) [MSC v.1900 64 bit (AMD64)]",
        "command_line_arguments": "C:\\Python37\\Scripts\\mlagents-learn Seeker-01.yml --initialize-from NieuweRun --run-id NieuweRun01",
        "mlagents_version": "0.21.0",
        "mlagents_envs_version": "0.21.0",
        "communication_protocol_version": "1.2.0",
        "tensorflow_version": "2.3.1",
        "numpy_version": "1.18.5",
        "end_time_seconds": "1610909999"
    },
    "total": 52.1464005,
    "count": 1,
    "self": 0.012563200000002439,
    "children": {
        "run_training.setup": {
            "total": 0.019605999999999568,
            "count": 1,
            "self": 0.019605999999999568
        },
        "TrainerController.start_learning": {
            "total": 52.1142313,
            "count": 1,
            "self": 0.06633559999986005,
            "children": {
                "TrainerController._reset_env": {
                    "total": 10.7179735,
                    "count": 1,
                    "self": 10.7179735
                },
                "TrainerController.advance": {
                    "total": 40.009907500000146,
                    "count": 1581,
                    "self": 0.02994070000005422,
                    "children": {
                        "env_step": {
                            "total": 39.97996680000009,
                            "count": 1581,
                            "self": 36.755011700000026,
                            "children": {
                                "SubprocessEnvManager._take_step": {
                                    "total": 3.197461600000004,
                                    "count": 1581,
                                    "self": 0.13055800000007878,
                                    "children": {
                                        "TFPolicy.evaluate": {
                                            "total": 3.0669035999999252,
                                            "count": 3142,
                                            "self": 3.0669035999999252
                                        }
                                    }
                                },
                                "workers": {
                                    "total": 0.0274935000000589,
                                    "count": 1580,
                                    "self": 0.0,
                                    "children": {
                                        "worker_root": {
                                            "total": 45.786942499999945,
                                            "count": 1580,
                                            "is_parallel": true,
                                            "self": 11.822477299999896,
                                            "children": {
                                                "steps_from_proto": {
                                                    "total": 0.00424160000000029,
                                                    "count": 2,
                                                    "is_parallel": true,
                                                    "self": 0.0009791000000003436,
                                                    "children": {
                                                        "_process_vector_observation": {
                                                            "total": 0.003262499999999946,
                                                            "count": 12,
                                                            "is_parallel": true,
                                                            "self": 0.003262499999999946
                                                        }
                                                    }
                                                },
                                                "UnityEnvironment.step": {
                                                    "total": 33.96022360000005,
                                                    "count": 1580,
                                                    "is_parallel": true,
                                                    "self": 0.4837670000001495,
                                                    "children": {
                                                        "UnityEnvironment._generate_step_input": {
                                                            "total": 0.3257062000000861,
                                                            "count": 1580,
                                                            "is_parallel": true,
                                                            "self": 0.3257062000000861
                                                        },
                                                        "communicator.exchange": {
                                                            "total": 30.91576439999994,
                                                            "count": 1580,
                                                            "is_parallel": true,
                                                            "self": 30.91576439999994
                                                        },
                                                        "steps_from_proto": {
                                                            "total": 2.2349859999998696,
                                                            "count": 3160,
                                                            "is_parallel": true,
                                                            "self": 0.6897627999994693,
                                                            "children": {
                                                                "_process_vector_observation": {
                                                                    "total": 1.5452232000004003,
                                                                    "count": 18960,
                                                                    "is_parallel": true,
                                                                    "self": 1.5452232000004003
                                                                }
                                                            }
                                                        }
                                                    }
                                                }
                                            }
                                        }
                                    }
                                }
                            }
                        }
                    }
                },
                "trainer_threads": {
                    "total": 9.959999999864522e-05,
                    "count": 1,
                    "self": 9.959999999864522e-05,
                    "children": {
                        "thread_root": {
                            "total": 0.0,
                            "count": 0,
                            "is_parallel": true,
                            "self": 0.0,
                            "children": {
                                "trainer_advance": {
                                    "total": 82.34832549999922,
                                    "count": 38262,
                                    "is_parallel": true,
                                    "self": 1.4956339999999244,
                                    "children": {
                                        "process_trajectory": {
                                            "total": 80.8526914999993,
                                            "count": 38262,
                                            "is_parallel": true,